Field_Name,DCYN_Rule_Identifier,Input_Data_Type,Allowed_Values_Or_Format,Binary_Decision_Question,Decision_YES_Action,Decision_NO_Action,BigQuery_Target_Column,PubSub_Message_Attribute,Complete_Description
schema_version,DCYN-005,String,Exact string '1.0.0',Does the version match active contract 1.0.0?,PROCEED,REJECT_HTTP_400,schema_version,schema_version,Semantic version number of the active data ingestion contract.
student_name,DCYN-FORMAT-001,String,Length 2 to 100 characters; Alphabetic characters with spaces hyphens and apostrophes,Does student name satisfy alphabetic pattern and length bounds?,PROCEED,REJECT_HTTP_400,student_name,student_name,Full legal name of the registering student.
parent_name,DCYN-FORMAT-002,String,Length 2 to 100 characters; Alphabetic characters with spaces hyphens and apostrophes,Does parent name satisfy alphabetic pattern and length bounds?,PROCEED,REJECT_HTTP_400,parent_name,parent_name,Full legal name of the parent or appointed legal guardian.
email,DCYN-004,String,RFC 5322 standard email address format; Maximum 254 characters,Does email satisfy structural and domain delivery syntax?,PROCEED,REJECT_HTTP_400,email,email,Official contact email address used for onboarding notifications and account confirmation.
consent,DCYN-001,Boolean,Strictly true,Was explicit consent granted by the parent or legal guardian?,PROCEED,REJECT_HTTP_400,consent,consent,Mandatory legal consent flag; submissions with false or null are rejected unconditionally.
support_required,DCYN-002,Boolean,true or false,Is support requirement flag clearly defined as a boolean value?,PROCEED,REJECT_HTTP_400,support_required,support_required,Flag indicating whether the student requires specialized academic or accessibility accommodations.
region,DCYN-003,String,Enum: NA; EMEA; APAC; LATAM; MENA,Is the geographical region present in the active operational catalog?,PROCEED,REJECT_HTTP_400,region,region,Regional operational classification used for local data routing and BigQuery row access policies.
learning_support_type,DCYN-002,String,Enum: NONE; ACADEMIC; TECHNICAL; COUNSELING; SPECIAL_NEEDS,Does support type logically correspond to support_required boolean?,PROCEED,REJECT_HTTP_400,learning_support_type,learning_support_type,Specific classification of educational or infrastructure accommodation requested by the student.
created_at,DCYN-FORMAT-003,String,ISO-8601 UTC timestamp format (YYYY-MM-DDTHH:MM:SSZ),Is timestamp valid ISO-8601 format in coordinated universal time?,PROCEED,REJECT_HTTP_400,created_at,created_at,Timestamp representing exact moment when the record passed validation and entered ingestion pipeline.
